"anlaegsbet","description"
"Rundhøj","Rundhøje er den mest almindelige type af gravhøje, der kendes i Danmark, og de findes overalt i landet. Rundhøjene har fået deres betegnelse efter deres kuplede form. I Danmark findes der tusinder af fredede rundhøje, men mange er overpløjede og enten helt forsvundet eller kun til at finde ved en arkæologisk udgravning. Der er tale om en meget varieret fortidsmindekategori. Rundhøjene findes i mange forskellige typer, former og størrelser fra næsten undseelige gravhøje af ringe højde og bredde til store, monumentale kongegrave fra vikingetiden. Rundhøjene kendes fra yngre stenalder, bronzealder og jernalder, men trods deres ensartede ydre udtryk som græsklædte, kuplede jordhøjninger i forskellige størrelser viser udgravninger og restaureringer, at teknologien og den ingeniørmæssige udformning har skiftet over tid"
"Enkeltfund","Enkeltfund er en enkelt eller få genstande fra oldtiden eller historisk tid, som er blevet fundet uden nødvendigvis at indgå i en særlig kontekst med andre fortidsminder eller anlæg. Enkeltfund kan eksempelvis være flintøkser fra stenalderen, bronzelurer fra bronzealderen, smykker fra jernalderen eller mønter fra middelalderen. "
"Vrag","Et skibsvrag er resterne af et skib, som ikke længere er i brug, og typisk er så medtaget og ødelagt at det ikke længere kan sejle. Skibsvrag ligger enten på land, er gået på grund eller ligger på havbunden. Forlis kan være overlagte eller tilfældige. UNESCO estimerer at der på verdensplan findes omkring 3 million skibsvrag, hvor af nogle er flere tusinde år gamle, der ligger på havbunden.[1][2] Blandt berømte skibsvrag som er fundet og senere konserveret og udstillet er Mary Rose, Vasaskibet og i Danmark Skuldelev 2, Hjortspringsbåden og Nydambåden. I nyere tid er RMS Titanic blandt de mest berømte skibe, der er endt som skibsvrag efter et forlis.
"
"Bosættelse, uspec undergruppe","Boplads eller mindre by med varierende mængder af bebyggelse"
"Brandgrav (uspecificeret type)","Brandgrav, fællesbetegnelse for begravelsesformer af forskellig udformning, hvor den afdøde er brændt før gravlæggelsen. I Danmark kendt fra yngre stenalder frem til og med vikingetiden"
"Hus (evt. med stald)","Selvstændig bygning som bruges til beboelse, ophold eller opbevaring"
"Gravgenstand","En gravgenstand er en arkæologisk genstand, der er fundet i en grav, såsom jordfæstegrav, rundhøj, langhøj eller stendysse/jættestue. Ved arkæologiske undersøgelser eller restaureringer findes ofte genstande, som de døde har fået med sig i graven. Det kan eksempelvis være lerkar, flintdolke, bronzesværd, dragtsmykker, seletøj til heste, pilgrimsmærker mv. Disse genstande kan ofte være med til at datere graven og kan give indblik i den gravlagtes sociale status og køn samt livet i området. "
"Affaldsgrube","En nedgraving fyldt op med affald fra den omkringliggende boplads"
"Jordfæstegrav","Begravelse, hvor liget er lagt ubrændt ned i en trækiste eller blot i et hul i jorden, f.eks. indsvøbt i et skind. I de fleste tilfælde vil der ikke være noget bevaret af en evt. trækiste, og man kan derfor ikke afgøre, om den døde oprindelig har ligget i en sådan. Jordfæstegraven er den ældste begravelsesform, og der kendes efterhånden adskillige grave af denne type fra jægerstenalderen. Med undtagelse af den yngre bronzealder og ældste (førromerske) jernalder, hvor brandgravskikken er enerådende, forekommer der jordfæstegrave igennem hele oldtiden. "
"Dysse eller jættestue","Stendysserne og jættestuerne, der samlet betegnes som storstensgrave eller megalitgrave, er stenbyggede gravhøje fra de første århundreder af bondestenalderen (neolitikum ca. 4000 f.Kr.-ca. 1700 f.Kr.). Umiddelbart efter overgangen til bondestenalderen skete der et skifte i den måde, de døde blev begravet på. Hvor de døde tidligere var blevet gravlagt i jordfæstegrave under overfladejord, begyndte indbyggerne at opføre stendysser, som er den ældste form for storstensgrave. Stendysserne var beregnet til gravlæggelse af en enkelt eller få gravlagte, hvorimod de lidt yngre jættestuer – der afløste stendysserne – var egentlige fællesgrave. "
"Kogegrube","En kogegrube er et hul i jorden der fungerer som en ovn, hvori man har tilberedt mad. Kogegruberne stammer primært fra oldtiden. Kogegruben fungerer ved at stenene som hullet er foret med varmes op af et bål, hvorefter gløderne fjernes, maden lægges i og det hele dækkes over af jord og tørv. Stenene er brandvarme og afgiver varme til tilberedningen af maden.
"
"Kulturlag","Kulturlag, inden for arkæologien jordlag af varierende tykkelse, dannet af affald efter menneskelig aktivitet. De kan fx indeholde måltidsrester, redskaber og keramikskår. 
      "
"Møntfund","Gamle mønter/valuta"
"Grube (uspecificeret funktion)","Gravet hul i jordoverfladen"
"Langhøj","Som navnet antyder, er langhøje aflange gravhøje med et rektangulært grundplan. De første langhøje blev opført allerede i den første periode af bondestenalderen (neolitikum ca. 4000 f.Kr.-ca. 1700 f.Kr.) og havde ligheder med de gravformer, som også anvendtes i kystområderne ved Østersøen og i området ud mod Atlanterhavet. Arkæologiske undersøgelser viser, at der over store geografiske områder har været udført ensartede ritualer ved langhøjene. "
"Stenbygget grav","Begrebet ""stenbygget grav"" anvendes, når der er tvivl om, hvorvidt et anlæg er en storstensgrav (dysse eller jættestue) eller en stenkiste. Det kan enten være, hvis graven er sløjfet for mange år siden, eller hvis den er så ødelagt, at dens oprindelige form ikke længere kan bestemmes. Stenbyggede grave kendes fra alle oldtidens perioder, hvor de første blev opført, umiddelbart efter at indbyggerne gik fra at være jægere og samlere til at opdyrke jorden og holde husdyr. Navnlig de ældste stenbyggede grave, stendysserne og jættestuerne, fra yngre stenalder (ca. 4000-1700 f.Kr.) er karakteristiske i landskabet på grund af anvendelsen af tonstunge sten i konstruktionen, men stengravene findes i mange forskellige typer og variationer. Stenbyggede grave var også et udbredt fænomen i bronzealderen og jernalderen (ca. 1700 f.Kr.-1050 e.Kr.). "
"Stenkiste","Gravkister bygget af sten kendes fra både yngre stenalder, bronze- og jernalder. De varierer dog meget i form og størrelse igennem de forskellige perioder og fra landsdel til landsdel. I ældre bronzealder blev stenkister især anvendt på Sjælland og i Nordjylland. De er i reglen 2-3 m lange, bygget af stenfliser eller -blokke og som oftest dækket med stenfliser og en pakning af hånd- og hovedstore sten. Bunden er undertiden brolagt med mindre sten. Stenkisterne fra ældre bronzealder kan indeholde enten et ubrændt lig eller en brandgrav. "
"Gravrøse","En gravrøse er en mindre gravhøj, der er opbygget af sten. De registrerede fredede gravrøser findes i næsten hele landet, men navnlig Bornholm er repræsenteret med mange gravrøser, som kan være lagt så tæt, at der er tale om egentlige gravpladser. Hovedparten af de undersøgte gravrøser stammer fra bronzealderen og jernalderen (ca. 1700 f.Kr.-1050 e.Kr.) og indeholder foruden den gravlagte også forskellige gravgaver, som den døde har fået med sig i graven. Selve centralgraven inde i gravrøsen kan være opbygget af kantstillede sten. "
"Diverse anlæg og genstande, uspec undergruppe","Udefineret genstand"
"Marksystem","System af marker til såning af afgrøder"
"Bygning","Fast, fritstående konstruktion med vægge og tag beregnet til at rumme fx boliger, kontorer eller varer"
"Begravelse, uspec undergruppe","Begravelse, menneskers rituelle udskillelse af deres døde fra de levendes verden. Et samfunds grundlæggende forestillinger om liv og død får her udtryk i et sæt af ritualer, skikke og symboler. Begravelse indgår overalt og til alle tider som led i et rituelt forløb, der tilsigter at slå bro over den tilstand, som døden har skabt, for at hjælpe den døde til nyt liv (overgangsriter). "
"Hulvej","Hulveje er forhistoriske og historiske vejforløb, hvor færdslens slid har dannet mere eller mindre markante fordybninger. Der kan både være tale om enkeltliggende hulveje eller systemer af eksempelvis parallelt liggende hulveje, hvor indbyggerne har skiftet mellem anvendelsen af de enkelte hulveje, alt efter hvor farbar den enkelte vej har været. Der tales derfor ofte om hulvejsstrøg, hvor vejen ikke bare har bestået af en bestemt strækning, men derimod en række parallelt liggende hulveje. "
"Skåltegn","Skåltegnene er de ældste og mest udbredte helleristninger i Danmark. De små runde fordybninger er som regel indhugget i større stenblokke, bl.a. på dysser og jættestuer. På Bornholm forekommer skåltegnene tillige på fast klippe. Antallet af skåltegn på den enkelte sten varierer fra nogle få stykker til omkring et par hundrede. Skikken går tilbage til bondestenalderen, men de fleste af skåltegnene stammer uden tvivl fra bronzealderen ligesom de egentlige helleristninger. Skåltegnene, der også kendes fra andre dele af Europa samt fra Asien, må have haft rituel betydning, formentlig som frugtbarhedssymboler. "
"Votivfund","Votivgave er en gave til Gud eller til det guddommelige. Når en person lider af en sygdom, er i livsfare, eller har nogle specielle ønsker, søger man helbredelse, frelse eller opfyldelse af ønsker ved at love Gud en gave.  Iflg. Ordbog over det danske sprog er   Votiver, kaldes hos Katholikerne Gaver, som man i Følge et Løfte giver til en Kirke.[1] Gaven kunne være en skibsmodel (votivskib), husdyr eller naturalier, herunder våben og krigsbytte.
 I tidligere tider har man ofret skibe og levende dyr til Gud/guderne ved henholdsvis afbrændig og slagtning, men senere har man været mere moderate og skænket skibsmodeller og andre genstande til kirken."
"Urnegrav (uspecificeret type)","Urnegrav, begravelse, hvor de brændte skeletrester er nedlagt i en urne (lerkar). I forhistorisk tid blev urnegrave almindelige i Danmark fra midten af bronzealderen ca. 1100 f.Kr., da gravskikken gradvis ændrede sig fra jordfæste til ligbrænding i takt med udviklingen i det meste af Europa, se urnemarkskultur. Urner med eller uden gravgods blev herefter ofte nedsat i ældre gravhøje eller under flad mark. Denne gravform forblev dominerende i yngre bronzealder og førromersk jernalder indtil Kristi fødsel, men urnebegravelser anvendtes også senere sideløbende med jordfæste fra romersk jernalder til vikingetid. 
      "
"Brønd","Dybt, gravet eller boret hul i jorden, typisk rundt, forstærket med betonrør, sten eller træ og overdækket; i hullet opsamles (grund)vand der hejses eller pumpes op og udnyttes som fx drikkevand"
"Dysse"," Dysse, gravkammer, opført af store sten og ofte med en betydelig dæksten; i Norden er dysser knyttet til den neolitiske tragtbægerkultur. Et dyssekammer, der er omgivet af en rund høj, kaldes en runddysse, mens et eller flere kamre i en lang, rektangulær høj kaldes langdysse. Langdysser kan opnå betragtelige dimensioner med længder på over 100 m. Højene er afgrænset af store, opretstående sten. Mange dyssekamre ses i dag fritstående i landskabet, men oprindelig var de omgivet af en høj. De ældste dysser i Norden opførtes omkring 3500 f.Kr. Kamrene var enkle og firkantede, dannet af fire tonstunge sten. "
"Depotfund","Depotfund, arkæologisk betegnelse for genstande, der er nedlagt i jorden til midlertidig opbevaring eller som offer, og som ikke har forbindelse med begravelser"
"Kirke","Bygning indrettet og beregnet til afholdelse af offentlig, kristen gudstjeneste"
"Hegn/gærde","Hegn, konstruktion, der adskiller områder af forskellig status, det være sig ejendomsretligt eller dyrkningsmæssigt; se også gærde. Der skelnes mellem levende hegn, der ofte er plantet som en læskabende foranstaltning, og døde hegn, hvortil der tidligere anvendtes træ, ris, tang, sten, jordmaterialer eller murværk; fra ca. 1900 vandt pigtråd og ståltråd frem, og fra ca. 1950 elektrisk trådhegn. "
"Skaldynge","En køkkenmødding er en affaldsdynge (skaldynge) af skaller fra især østers og  blåmuslinger, hjertemuslinger og strandsnegle. Det er især måltidsrester fra  Ertebøllekulturen i slutningen af jægerstenalderen, men også fra bondestenalder, jernalder og vikingetid. Skallerne består af kalk og giver fine bevaringsforhold for knogler, ja endog helt små fiskeben. Østers blev spist fra marts til april, og køkkenmøddingerne var tydeligt lagdelte og viser, hvor længe bopladsen var i brug."
"Borg/Voldsted","Borg, fæstningsværker fra antikken, forhistorisk og historisk tid. Ordet er sprogligt beslægtet med bakke og bjerg og bruges også om ubefæstede pragtbygninger, der er magtens sæde, fx Amalienborg. Mere præcist er borgen stormænds og fyrsters befæstede bolig i middelalderen, men den kan også rumme en garnison. Middelalderborgen var fast beboet, mens forhistoriske tilflugtsborge eller folkeborge gav ly til et områdes befolkning i ufredstid og lå utilgængeligt i landskabet ofte fjernt fra kysterne, fx Gamleborg på Bornholm, Eketorp på Öland og Dunamase i Irland. "
"Stensætning","Stensætning er en fællesbetegnelse for forskellige menneskeskabte konstruktioner af sten. De stammer fra store dele af oldtiden begyndende med bondestenalderen (neolitikum ca. 4000-1700 f.Kr.). En stensætning kan eksempelvis være en del af et gravanlæg, en randstenskæde omkring en gravhøj eller en række af sten stående på en linje. "
"Ildsted","Ildsted, afgrænset indendørs eller udendørs område for optænding af ild. Fra de tidligste tider og frem til komfuret blev almindeligt i anden halvdel af 1800-t. er mad blevet tilberedt over åben ild, fx nomadernes og jægernes bål anlagt under åben himmel, og fra yngre stenalder, da danskerne med agerbruget blev bofaste, mere permanent anlagte ildsteder, undertiden inde i husene. Fra jernalderens huse kendes ildsteder, hvor røgen trak ud igennem et hul i taget, den såkaldte lyre. Fra vikingetiden findes spor af langilden, hvor der blev kogt og stegt på spid. I løbet af middelalderen blev køkkenet et separat rum, og bålet blev anlagt på en muret bænk, et egentligt ildsted. "
"Brandplet","Afbrændt område; brandtomt"
"Stolpehul m. uvis funktion","Stolpehul. De gravede huller til bærende stolper kan være det eneste, der er bevaret af bygninger fra oldtiden. Her ses stolpehullerne til den store hal i Gudme på Fyn fra 400-t. e.Kr. De tegner grundplanen af en 47 m lang bygning med buede væglinjer og parvise, dybt nedgravede, tagbærende stolper. Stolpehullernes omrids er markeret med skum. Stolpehul, aftegning i jorden, hvor en stolpe har stået. Stolpehuller er for arkæologer en vigtig kilde til påvisning af bygninger, hvis vægge og tag har været båret af jordgravede stolper. Deres bredde og dybde kan tillige med iagttagelser af stolpernes form og hældning anvendes til beregning af bygningernes højde og konstruktion. 
      "
"Vej","Anlagt eller med tiden dannet bane gennem et område (uden for et bycentrum) hvor færdsel med bil, cykel el.lign. kan foregå"
"Kirkegård","Indhegnet område der bruges som indviet begravelsesplads, ofte i tilknytning til en kirke"
"Bautasten","En større oprejst sten uden helleristninger eller runeindskrift. De danske bautasten, hvoraf langt de fleste findes på Bornholm, stammer fra bronze- eller jernalderen og er som regel rejst i forbindelse med høje eller andre grave. Bautasten er aflange, opretstående sten sat over en gravlagt person som en del af gravstedet. Nogle bautasten er sat, uden at der findes en grav, og derfor rejst som en slags kenotaf over en person, som døde et andet sted. Bautasten kendes fra flere steder i landet og findes i meget stort tal på Bornholm. "
"Stenlægning/Stensamling","Belægning af sten, fx på en vej eller et gulv, ofte fundet ved en arkæologisk udgravning"
"Grubehus","Grubehus, lille, rund eller firkantet bygning, halvt nedgravet i jorden. Grubehuse er fundet ved udgravninger på bopladser fra jernalderen, vikingetiden og middelalderen, ca. 200-1300 e.Kr. De menes anvendt som bl.a. værksteder og vævehytter. 
      "
"Jern","Henimod slutningen af bronzealderen møder vi de første genstande af jern. Det drejer sig mest om nåle, knive og andre småting, der er givet med som gravgaver. Jern var på dette tidspunkt et sjældent og kostbart metal, som endnu ikke spillede nogen rolle som redskabsmateriale. "
"Gård","Gård, i nyere tid almindelig betegnelse for et landbrug, der rådede over egen trækkraft, dvs. heste, og hvor beboerne udelukkende var beskæftiget ved jordbruget, i modsætning til hus (se husmand), hvor dette normalt ikke var tilfældet. Den sociale afgrænsning opefter udtrykkes ved tilføjelsen bonde- (se bondegård). I 1800-t. blev grænsen for en gård nedefter fæstnet ved 1 td. hartkorn i den officielle statistik (fra 1835) og ved Landkommunalloven af 1841, jf. udtrykkene gårdejer og gårdmand. Betegnelsen gård anvendes i dag om alle typer af landbrug med undtagelse af de mindste. 
      "
"Markrøse","Dynge eller ophobning af sten der markerer fx en afgrænsning af markareal"
"Milepæl/-sten","Sten i vejkanten der angiver afstanden (i mil) fra et bestemt sted, typisk den nærmeste større by var oprindelig en pæl af træ"
"Mindesmærke","Mindesmærker er erindringssteder over eksempelvis en begivenhed eller en person og består som oftest af en sten med en inskription, der forklarer om anledningen til, at mindesmærket er blevet rejst. Mindesmærker findes overalt i landet og er som regel rejst på det sted, begivenheden fandt sted, eller et sted, som den mindede person havde en tilknytning til. "
"Skelet","Struktur af knogler, plader, brusk el.lign. hos mennesker og dyr"
"Genforeningssten","En genforeningssten er et monument, der er rejst talrige steder i Danmark til minde om Genforeningen i 1920. 
      "
"Saltudvinding","Udvinding af kogsalt, fx ved inddampning af havvand eller ved brydning af saltlag i undergrunden"
"Brolægning","Vej- eller fortovsbelægning af brosten"
"Dyrkningsspor","Spor efter opdyrkning af jord"
"Bro","Bygningsværk der fører færdsel hen over en forhindring, fx et vandløb, et farvand eller en jernbane"
"Stenlægning/stensamling","Belægning af sten, fx på en vej eller et gulv, ofte fundet ved en arkæologisk udgravning"
"Dyreben","Knogler fra dyr"
"Voldgrav","Voldgrav, gravet kanal anvendt som befæstningsanlæg i forbindelse med borge. I Danmark kendes voldgrave fra forhistoriske anlæg, fx trelleborge. De fleste af borgene i middelalderen var befæstet med en eller flere volde og grave. Voldgrave forekommer som regel sammen med en vold, men kan også optræde alene eller sammen med en ringmur. De kan være tørre eller fyldt med vand"
"Metal","Metal, uigennemsigtigt, glansfuldt stof med god elektrisk og termisk ledningsevne. Ca. 3/4 af det periodiske systems stabile grundstoffer er metaller.  De fleste metalliske grundstoffer er smidige og duktile, dvs. lader sig strække, og de kan poleres til høj brillans. De indgår i forbindelser og udgør ca. 20% af jordskorpen. Ved legering kan man skabe en række andre metaller, men de typiske egenskaber træder da noget tilbage. Fx har rustfrit stål (en jern-chrom-nikkel-legering) dårligere ledningsevne end jern, og støbejern har ingen duktilitet og mindre glans end jern"
"Grøft (afvanding)","Udgravet, ofte dyb rende langs en vej eller en mark til bortledning af vand"
"Brandgrav i stenkiste","En grav, hvor liget er brændt inden gravlæggelsen. De ældst kendte brandgrave er fra jægerstenalderen, og også i stenalderens sidste periode, ""dolktid"", forekommer der et mindre antal. Fra slutningen af ældre bronzealder (periode III) bliver brandgravskikken udbredt, og i den yngre bronzealder er den enerådende. Brandgrave kendes endvidere fra hele jernalderen og vikingetiden. De brændte knoglestumper, som er tilbage efter ligbrændingen, kan sammen med evt. gravgaver være lagt i en urne, i en kiste af sten eller træ, de kan være samlet sammen på jordoverfladen, eller de kan være anbragt i en fordybning i jorden"
"Højsagn","Der findes ingen beskrivelse af dette fund endnu. Hjælp os med tilføje en beskrivelse i bunden af menuen til højre."
"Befæstning","Befæstninger er militære forsvarsanlæg, såsom voldsteder, forter, batterier, skanser, skyttegrave og skydestillinger. Militære befæstninger kendes fra jernalderen, middelalderen og nyere tid (500 f.Kr.-i dag). Blandt de fredede befæstningsanlæg findes flere komplicerede og større anlæg, såsom Københavns ældre og yngre befæstning og Fredericias befæstning, Tunestillingen på Sjælland og den tyske Sikringsstilling Nord i Sønderjylland, der begge stammer fra 1. Verdenskrig. "
"Baunehøj","En bavnehøj er et højdepunkt som fra middelalderen og til 1800-tallet brugtes til signalering om faresituationer, fx en angribende fjende. En brændestabel, en bavn, antændtes, så faresignalet kunne ses videnom."
"Fyldskifte (uspecificeret)","Et fyldskifte er en ændring i jordens sammensætning eller farve, som skyldes menneskelig aktivitet. Fyldskifter er som regel nedgravninger, f.eks. til huse eller grave. "
"Krigergrav","Krigergrave er gravsteder over faldne soldater. Oftest er krigergravene sat over soldater, der faldt i kamp. I visse tilfælde har det ikke været muligt at foretage begravelse af den faldne soldat, som kan være faldet langt fra landets grænser, og derfor findes der på flere kirkegårde mindesteder over soldater, som er gravlagt langt fra hjemegnen. Krigergravene er oftest rejst over danske soldater, men kan også være sat over soldater fra fjendens side. Krigergravene knytter sig særlig til de to slesvigske krige (1848-50 og 1864), hvor der navnlig i det sønderjyske område findes en række krigergrave, samt fra verdenskrigene i 1900-tallet"
"Tuegrav","Tuegrave er brandgrave dækket af en lav jordhøjning og forbindes ofte med de store gravpladser fra førromersk jernalder (ca. 500-1. f.Kr.), hvor gravskikken var særlig udbredt. Midt i tuegraven var den døde gravlagt efter at være blevet brændt på ligbålet, og omkring den nedsatte urne var en lav gravhøj rejst. I den vestlige og sydlige del af Jylland var gravskikken særlig udbredt, og det er også i dette område, at der tidligere er udgravet gravpladser med op mod 1.400 tuegrave, der lå samlet inden for et afgrænset område. "
"Tegl","Byggemateriale i form af brændt ler der bruges til tagsten eller mursten"
"Helleristning/billedsten","Helleristninger, dvs. billeder indhugget i sten, forekommer over store dele af Europa og Asien i forskellige perioder af oldtiden. De danske helleristninger, der stammer fra bronzealderen, er hugget ind på større eller mindre stenblokke, bl.a. på dysser og jættestuer, samt på de faste klippeflader på Bornholm. Ud over skåltegnene, som er langt de mest almindelige, omfatter motiverne skibe, mennesker, dyr, hånd- og fodtegn, hjulkors (et kors omgivet af en cirkel), cirkler og spiraler. Billederne, som findes både enkeltvis og i forskellige kombinationer, indgik givetvis i bronzealderens religion, hvor dyrkelsen af solen spillede en vigtig rolle. I Sverige findes der langt flere helleristninger end herhjemme, og nogle af disse forestiller tydeligvis religiøse ceremonier"
"Vragdel","Rest af vrag fra et forulykket transportmiddel, især et fly især om del fundet i vand"
"Anker","Tung metalkrog der sidder for enden af en kæde eller et tov, og som kan forhindre et skib i at drive væk ved at gribe fat i havbunden"
"Skanse","Skanser er militære forsvarsanlæg opbygget af jordvolde. I Danmark findes flere bevarede skanser fra blandt andet Englandskrigene i begyndelsen af 1800-tallet, hvor der overalt i landet i de kystnære egne blev anlagt skanser for at hindre fjendtlig indtrængen i eksempelvis fjordene. Senere i 1800-tallet blev der i forbindelse med de slesvigske krige anlagt skanser i blandt andet Fredericia og ved Dybbøl, og fra tiden omkring 1. verdenskrig findes enkelte skanser opført som led i Københavns Befæstning. "
"Tro og tradition, uspec undergruppe","Tro, grundholdning af tillid, i religiøs forstand menneskets hengivelse til Gud eller til guddommelige, transcendente magter, hvis eksistens man er sikker på, skønt man intet kan vide derom. Det er den religiøse dimension eller totale livsopfattelse, der vil være i centrum i det følgende. Men begrebet har en række andre betydninger: Det kan angive, at en person er til at stole på, eller at man er forvisset om, at noget lever op til, hvad man forventer, eller blot at man har en mening eller formodning om et eller andet. Ordet kan næsten tømmes for betydning, når man siger: ""Det tror jeg nok"". I religiøs sammenhæng kan det bruges i to eller tre grundbetydninger: enten om et trosindhold (den tro, man tror på), dvs. en konkret religion, også kaldet en trosform, fx den kristne tro eller islam som trosform; eller om en trosholdning, en trosopfattelse (den tro, man tror med), som er det forhold, der udfoldes i denne artikel"
"Grøft (skel)","Udgravet, ofte dyb rende langs en vej eller en mark til bortledning af vand"
"Begravelsesplads","Område hvor de døde ligger begravet"
"Kultanlæg","Man ved ikke meget om bronzealderens religiøse ceremonier, men i flere tilfælde er der fundet gådefulde anlæg, der tyder på en form for dødekult. Under nogle få gravhøje har man således observeret mærkelige rammer bygget af mindre sten. Sandsynligvis har de været anvendt ved ritualer i forbindelse med den første begravelse og forud for opførelsen af gravhøjen. Helleristningssten med håndtegn ser også ud til at have indgået i en slags kultanlæg i yngre bronzealder. Ved Kobbelgårdene i Nordsjælland er der fundet en sådan helleristningssten i nærheden af brandgrave fra yngre bronzealder"
"Kilometersten","Kilometersten er afstandsmærker opsat langs landevejene, så de vejfarende kunne følge med i, hvor langt de var kommet på deres rejse. Kilometerstenene afløste milestenene ved indførelsen af metersystemet i 1907 og var i brug op til slutningen af 1900-tallet, hvor mange kilometersten afløstes af plastikstolper og metalskilte. Der findes en lang række forskellige typer af kilometersten, alt efter opstillingstidspunktet, og hvilket amt stenen er opstillet i. På Sjælland findes ofte de såkaldte Jensen Klint-kilometersten opkaldt efter arkitekten P.V. Jensen Klint, som i 1910 vandt en landsdækkende konkurrence med sine kilometersten udformet i tidens skønvirkestil. "
"Stammekiste","Der findes ingen beskrivelse af dette fund endnu. Hjælp os med tilføje en beskrivelse i bunden af menuen til højre."
"Luftfartøj","Luftfartøj, genstand, som flyver i luften aerodynamisk eller -statisk (men ikke ballistisk), fx flyvemaskine, svævefly, helikopter, autogyro, luftskib og ballon. 
      "
"Vejkiste","Stenkister eller vejkister er mindre underløb (gennemløb) under en vej, de blev bygget, for at man kunne lede vand gennem dem, når en vej skulle krydse et vandløb, åen blev ledt under vejen gennem sten-/vejkisten. Stenkister har form som en langstrakt kasseformet rende, bygget af kløvede sten.
"
"Militærvæsen, uspec undergruppe","Alt hvad der hører til militæret"
"Ødekirke","Der findes ingen beskrivelse af dette fund endnu. Hjælp os med tilføje en beskrivelse i bunden af menuen til højre."
"Urnegrav (stenomsat)","Urnegrav, begravelse, hvor de brændte skeletrester er nedlagt i en urne (lerkar). I forhistorisk tid blev urnegrave almindelige i Danmark fra midten af bronzealderen ca. 1100 f.Kr., da gravskikken gradvis ændrede sig fra jordfæste til ligbrænding i takt med udviklingen i det meste af Europa, se urnemarkskultur. Urner med eller uden gravgods blev herefter ofte nedsat i ældre gravhøje eller under flad mark. Denne gravform forblev dominerende i yngre bronzealder og førromersk jernalder indtil Kristi fødsel, men urnebegravelser anvendtes også senere sideløbende med jordfæste fra romersk jernalder til vikingetid. 
      "
"Hjulspor","Aftryk i jorden efter et køretøjs hjul"
"Dyrefold","Der findes ingen beskrivelse af dette fund endnu. Hjælp os med tilføje en beskrivelse i bunden af menuen til højre."
"Beskyttelsesanlæg","Der findes ingen beskrivelse af dette fund endnu. Hjælp os med tilføje en beskrivelse i bunden af menuen til højre."
"Vandmølle","Mølle der drives af vandkraft, fx fra en å"
"Helligkilde","Helligkilde, kilde, hvis vand ansås for at være helbredende. Ifølge dansk folketro var ""kraften"" i vandet på sit højeste valborgsaften (30. april) og sankthansaften (23. juni), som derfor var de foretrukne besøgstider. Det var især gigt, lammelse, sår og bylder, skab og fnat samt mave- og øjensygdomme, man søgte helligkilderne for. Vandet skulle drikkes af nye lerskåle, som bagefter knustes og kastedes i kilden eller ved siden af. Folk, som følte sig helbredt, efterlod deres bandager og krykker i nærheden"
"Herregårdsanlæg/Slot","Der findes ingen beskrivelse af dette fund endnu. Hjælp os med tilføje en beskrivelse i bunden af menuen til højre."
"Rettersted","Sted hvor der foretages henrettelser"
"Vildtbaneafmærkning","Der findes ingen beskrivelse af dette fund endnu. Hjælp os med tilføje en beskrivelse i bunden af menuen til højre."
"Røse","En røse er en gravhøj, der fortrinsvis består af sten. Røser kendes fra både bronze- og jernalderen, og i Danmark har de især været anvendt på Bornholm. "
"Vandledning","Rørledning el.lign. hvori vand føres frem til forbrugerne"
"Vindmølle","Vindmølle. Stubmøllens vinger var monteret på selve møllehuset, som derfor måtte drejes efter vindretningen. Hollændermøllen (th.) havde derimod et fast skrog med en drejbar hat, hvorpå vingerne sad; drejningen foregik vha. et selvkrøjeværk eller et fast krøjeværk enten i form af et tømmerstykke (stjerten) fra hatten ned til galleriet eller jorden eller en endeløs kæde, der trak et tandhjul i hatten. I ældre tid var vingerne påspændt sejl, der svikkedes, dvs. foldedes ud og ind afhængigt af vindstyrken; i sidste halvdel af 1800-t. blev selvsvikkere, dvs. vinger med træklapper, der åbner og lukker sig afhængigt af vindstyrken, almindelige. Dybbøl Mølle er et typisk eksempel på en såkaldt gallerihollænder"
"Runesten","Runesten er sten med indhuggede runer. Runesten er kendt i hele det nordiske område og hovedsagelig stammende fra vikingetiden. Runesten var oftest sat som minde over afdøde og holdt i et ordknapt sprog. Der findes mere end 3000 i Sverige, i Norge næsten 70, og i Danmark inkl. Skånelandene og Slesvig ca. 220"
"Sagnsten","Der findes ingen beskrivelse af dette fund endnu. Hjælp os med tilføje en beskrivelse i bunden af menuen til højre."
"Mølledæmning","Der findes ingen beskrivelse af dette fund endnu. Hjælp os med tilføje en beskrivelse i bunden af menuen til højre."
"Vadested","Vadesteder i vandløb er steder, hvor vandløbet kan passeres af trafik uden hjælp af broer eller færger.
 Vadesteder finder man, hvor vandløb er lavvandede, og samtidig har fast bund. Det vil ofte sige, at vandet strømmer hastigt på stedet. Mange købstæder er vokset op på steder, hvor der netop var et godt og pålideligt vadested over et spærrende vandløb. Som et eksempel kan det nævnes, at Aarhus er vokset op omkring det eneste sikre vadested over Aarhus Å, som ligger der, hvor gaden endnu hedder Immervad (altså: vedvarende vadested). Desuden kan nævnes, at bynavnet Vejle er direkte afledt af det gamle danske ord wæthæl, der betyder vadested.
 Problemet ved vadesteder er, at de samler trafikken, sådan at alle må ned eller op over de lave og fugtige bredder og ådale, der ligger på begge sider af vadestedet"
"Havn","Havn, vandområde beskyttet i en sådan grad mod bølger, strøm og vind, at skibe på betryggende måde kan ligge fortøjet eller for anker og laste, losse, få udført reparationer etc. Til havnen hører bassiner med kajer, hvor skibene kan lægge til og fortøjes til pullerter. Foruden de beskyttede vandområder regnes de tilstødende landarealer, som er nødvendige for havnens funktion, også med som en del af havnen. De fleste havne er naturhavne opstået i naturligt beskyttede vandområder som flodmundinger, fjorde, sunde og bugter beskyttet af odder og tanger. Havnene i Rotterdam, London, Hamburg, New York og i Danmark Aabenraa, Kolding, Vejle, Odense og København er eksempler herpå"
"Kogegrubekompleks","Der findes ingen beskrivelse af dette fund endnu. Hjælp os med tilføje en beskrivelse i bunden af menuen til højre."
"Klosteranlæg","Der findes ingen beskrivelse af dette fund endnu. Hjælp os med tilføje en beskrivelse i bunden af menuen til højre."
"Ovnanlæg (uspecificeret)","Der findes ingen beskrivelse af dette fund endnu. Hjælp os med tilføje en beskrivelse i bunden af menuen til højre."
"Stenrække","Der findes ingen beskrivelse af dette fund endnu. Hjælp os med tilføje en beskrivelse i bunden af menuen til højre."
"Dige (mark)","Diger er volde, mure eller dæmninger, der har til opgave at holde vandet på den ene side. I modsætning til en dæmning, der er kendetegnet ved af være opført på et vanddækket areal, er diger opført på tørt land (ved normal vandstand). Diger opføres typisk ud mod kysten samt langs floder og vandløb med vekslende vandstand (herunder tidevandssvingninger) for at undgå uhensigtsmæssige oversvømmelser. Mange havdiger, er opført i forbindelse med inddragelse af tidligere havbund fra flade kyster, bugter og fjorde til landbrugsjord, eksempelvis Vadehavet og Lammefjorden.  
 I mange tilfælde vil inddæmmede arealer yderst være beskyttet af en egentlig dæmning, som i mere udsatte områder suppleres af mindre diger. I andre tilfælde vil der være en overlapning af anvendelsen af begreberne dige og dæmning.
 Der gives langs floder og havets kyster en stor mængde lavtliggende arealer, som ikke er egnede til bebyggelse, og hvis jordbunds frugtbarhed ikke kan udnyttes, enten fordi de som vige, søer og bugter stadig er dækkede af vand, eller fordi de oversvømmes ved højvande, således at de i heldigste tilfælde kun kan benyttes som enge, ikke til dyrkning, hvad der i reglen betaler sig bedre"
"Dæmning (uspecificeret)","Dæmninger er aflange jordvolde primært fra middelalderen og nyere tid (1050 e.Kr.-i dag) og er en samlet betegnelse for en anlægskategori, der dækker over mange forskellige funktioner. Eksempler er vej- og jernbanedæmninger over lavereliggende eller våde områder, dæmninger i forbindelse med landvindingsanlæg og til beskyttelse mod oversvømmelser samt dæmninger i tilknytning til middelalderens borge. Desuden er mange dæmninger anlagt for at opstemme vandløb i forbindelse med mølledrift. Se alle begreber om arkæologi Se alle artikler om arkæologi 
    Trap Danmarks 6. udgave er et omfattende univers af levende fortællinger,
    tværfaglige beskrivelser og leksikale informationer om Danmark. Her finder
    du den væsentligste viden om dansk geologi, geografi, biologi, arkæologi,
    historie, kultur, kunst, arkitektur samt samfunds- og erhvervsliv.
   
    Trap Danmarks digitale tilbud beriges med både stedbeskrivelser, billeder,
    kort og illustrationer fra databaser hos Nationalmuseet, Det Kgl.
    Bibliotek, Slots- og Kulturstyrelsen og Rigsarkivet samt Styrelsen for
    Dataforsyning og Effektivisering.
   Trap Danmarks sjette udgave er blevet til  med økonomisk støtte fra: Trap Danmarks sjette udgave er blevet til  i samarbejde med navnlig følgende institutioner: Sitet er frit tilgængeligt for alle og er med mere end 1 million brugere og flere end 3 millioner læste artikler om måneden et af Danmarks største sites for forskningsformidling"
"Forsvarsvold","En forsvarsvold er en række af lave, langstrakte volde med tilhørende voldgrave. Forsvarsvolde findes rundt om i Danmark, overvejende i Jylland. Kun få er arkæologisk undersøgt og endnu færre dateret. Blandt de bedst undersøgte er Olgerdiget ved Tinglev og Æ vold ved Rødekro, begge fra 200-tallet e.v.t., samt Trældiget ved Kolding og Dandiget nord for Randers, begge antagelig fra jernalderen. Jernalderens forsvarsvolde sættes almindeligvis i forbindelse med den uro, der synes at have været i 200-400-tallet bedømt ud fra andre arkæologiske fund. 
      "
"Landingsplads","Sted hvor (fisker)både kan lægge til og blive tømt for last fx et fiskerleje eller en sandstrand"
"Skyttegrav","Gravet rende hvor soldater kan stå i dækning mens de skyder eller bliver beskudt"
"Ødekirkegård","Der findes ingen beskrivelse af dette fund endnu. Hjælp os med tilføje en beskrivelse i bunden af menuen til højre."
"Skelsten (offentlig administration)","Der findes ingen beskrivelse af dette fund endnu. Hjælp os med tilføje en beskrivelse i bunden af menuen til højre."
"Bolværk","Solidt forankret beklædning af træ, stål eller jernbeton der tjener til at begrænse en sten- eller jordmasse, især på en moles eller en kajs lodrette side ud mod vandet"
"Kunstigt anlæg","Frembragt eller arrangeret af mennesker som en efterligning af noget der ellers forekommer i naturen eller sker naturligt"
"Vejdæmning","En vejdæmning er en vej eller jernbane anlagt på en dæmning (jordvold), ofte over vand eller fugtige områder.
"
"Batteri","Batteri. Batteri, energikilde, der omdanner kemisk energi til elektrisk energi. Oprindelig anvendtes betegnelsen om en sammenstilling af flere elementer. Primære batterier fremstilles med de kemiske komponenter i en høj energitilstand; sekundære batterier, akkumulatorer, oplades elektrisk til den tilstand, hvorfra de kan afgive elektrisk energi. Forskellen er dog nu udvisket, idet små, genopladelige batterier, der i det ydre ikke adskiller sig fra de primære, nu er almindelige"
"Skibsbro","En skibsbro var forud for industrialiseringen og de moderne havne et teknisk anlæg i form af en træbro (eller mole), der bygges ud fra land i vandet for, at skibe kunne lægge til.[1] En skibsbro adskilte sig fra et bolværk eller en kaj, der var et anlæg for skibes mulighed for at lægge til, men hvor der bagved var sket en opfyldning af arealet mod land, der således kunne fungere som oplagsplads. 
 Anlægget har undertiden overlevet som gadenavn: Skibbroen (Skibsbroen), i Ribe, Aabenraa, Tønder og Flensborg eller Skib(s)-brogade i Aabenraa, Haderslev, Kalundborg, Tønder og flere andre.[1]"
"Tekstil","Blødt materiale bestående af tråde af naturfibre, fx uld eller bomuld, eller syntetiske fibre, fx viskose eller polyester, som er sammensat til sammenhængende stof, især ved vævning"
"Urnebrandgrube","Der findes ingen beskrivelse af dette fund endnu. Hjælp os med tilføje en beskrivelse i bunden af menuen til højre."
"Skelsten (ejendom)","Der findes ingen beskrivelse af dette fund endnu. Hjælp os med tilføje en beskrivelse i bunden af menuen til højre."
"Kapel","Mindre bygning eller rum til private eller offentlige kirkelige handlinger beliggende selvstændigt eller i tilknytning til en hovedkirke, et slot eller en institution, fx et hospital"
"Moselig","Moselig er mennesker nedlagt i moser og sumpe. Ofte har det sure og iltfattige miljø bevaret hud, hår og bløddele. Moselig kendes fra næsten hele Vesteuropa med særlig tæthed i Holland, NV-Tyskland og især Danmark. Moselig stammer hovedsagelig fra sen yngre bronzealder og ældre jernalder, 800 f.Kr.-400 e.Kr. De fleste moselig er nøgne, Huldremosekvinden dog påklædt, mens Tollundmanden kun bar hue og bælte"
"Fæstningsanlæg","Bygningsanlæg eller by opført med voldgrave, høje mure eller andre foranstaltninger for at sikre mod militære angreb"
"Vejmærke","Der findes ingen beskrivelse af dette fund endnu. Hjælp os med tilføje en beskrivelse i bunden af menuen til højre."
"Lystanlæg","Der findes ingen beskrivelse af dette fund endnu. Hjælp os med tilføje en beskrivelse i bunden af menuen til højre."
"Kælderanlæg","Der findes ingen beskrivelse af dette fund endnu. Hjælp os med tilføje en beskrivelse i bunden af menuen til højre."
"Keramik","Keramik, dvs. brændt lertøj, har været kendt og brugt i den daglige husholdning siden slutningen af jægerstenalderen. Fra midten af bronzealderen og igennem hele jernalderen finder man også lerkarrene anvendt som gravurner. Oldtidskeramik er altid fremstillet ved ""pølsemetoden"", dvs. opbygget af lerpølser uden brug af drejeskive. Mængden og kvaliteten af keramikken varierer meget igennem tiden; i nogle perioder har man sikkert foretrukket trækar (som vi sjældent finder bevaret) fremfor lerkar. Den keramik, man finder i gravene, er gerne finere udført end de ofte store mængder husholdsholdningskeramik, der kan være efterladt på en boplads"
"Stendyngegrav","Stendyngegrav, gravtype fra den senere del af yngre stenalders tragtbægerkultur, ca. 3100-2800 f.Kr., i Nord- og Vestjylland. Gravene består af mandslange, ofte parvise, trugformede nedgravninger, som er fyldt med sten. De optræder sammen med et såkaldt dødehus, hvor gravgaver i form af flintredskaber og stridsøkser ofte er placeret. Stendyngegrave og dødehus kan være dækket af et stenlag. Der kendes 49 (2000) forekomster af stendyngegrave, hvoraf nogle danner lange rækker"
"Skibssætning","Mindesmærke, som regel gravmæle, bestående af to lange, svagt buede stenrækker der mødes i enderne og således har form som et skib"
"Gravsten","Gravsten. Gravsten, dels mindesmærker anbragt over jorden på et udendørs gravsted, dels større eller mindre gulvfliser med udhuggede indskrifter og ofte legemsstore portrætter af de afdøde, lagt i kirkegulvet over begravelser (ligsten). Kirkegården var fra gammel tid den kristne begravelsesplads, men særligt udvalgte personer blev flyttet ind eller stedt til hvile i kirkerne. I Danmark bredte denne skik sig i verdslige kredse fra 1200-t. og blev først afskaffet ved lov i 1805. Det kunstneriske højdepunkt udgøres af adelige gravsten, udført af stenhuggere fra 1400-t.s slutning til 1600-t.s begyndelse; de ligger i mange kirkegulve landet over"
"Bygningssten","Naturligt forekommende eller kunstigt fremstillet sten der bruges til byggeri fx kampesten, mursten, teglsten eller klinker"
"Ler","Ler. Blotlagt flade i plastisk ler. Øverst rødler, der har fået sin farve efter oxidation (iltning) af jernindholdet. Nederst blåler, hvis farve skyldes, at jernet findes under reducerede (iltfrie) betingelser. Under udtørring sprækker leret op i stærkt uregelmæssige flager. Fotografiet stammer fra Ølst Bakker nord for Hadsten i Østjylland, hvor leret udnyttes industrielt til fremstilling af letklinker (LECA®-klinker)"
"Brandgrav i trækiste","En grav, hvor liget er brændt inden gravlæggelsen. De ældst kendte brandgrave er fra jægerstenalderen, og også i stenalderens sidste periode, ""dolktid"", forekommer der et mindre antal. Fra slutningen af ældre bronzealder (periode III) bliver brandgravskikken udbredt, og i den yngre bronzealder er den enerådende. Brandgrave kendes endvidere fra hele jernalderen og vikingetiden. De brændte knoglestumper, som er tilbage efter ligbrændingen, kan sammen med evt. gravgaver være lagt i en urne, i en kiste af sten eller træ, de kan være samlet sammen på jordoverfladen, eller de kan være anbragt i en fordybning i jorden"
"Kanal","Kanaler er nedgravede og oprindelig vandfyldte render af forskellig størrelse og længde og er en samlet betegnelse for en anlægskategori, der dækker over mange forskellige funktioner. Eksempler er kanaler til transport af varer eller vand, engvandingskanaler, afvandingskanaler i Vadehavet og kanaler til brug for skibstransport. Mange kanaler er desuden anlagt i forbindelse med mølledrift. Kanalerne stammer fra vikingetiden og frem til i dag. "
"Pælerække (uspecificeret)","Der findes ingen beskrivelse af dette fund endnu. Hjælp os med tilføje en beskrivelse i bunden af menuen til højre."
"Dige (kirkegård)","Dige. Til sikring af Tøndermarsken mod stormflodsoversvømmelse opførtes 1979-81 det såkaldte fremskudte dige på havsiden af det lavere og svagere Højerdige (vist med stiplet linje). Diget er dimensioneret til at modstå stormflodspåvirkninger, der i gennemsnit kun overskrides én gang i løbet af 200 år. Dette svarer til en stormflodsvandstand på (+)5,35 m over DNN. Digets kronehøjde er fastsat til (+)7,45 m over DNN, hvilket svarer til, at 2% af bølgerne vil overskylle diget, men ikke beskadige det"
"Hovedbygning","Den største (og fineste) bygning i et bygningskompleks især på et gods, en gård, en skole el.lign."
"Dige (uspecificeret)","Dige. Til sikring af Tøndermarsken mod stormflodsoversvømmelse opførtes 1979-81 det såkaldte fremskudte dige på havsiden af det lavere og svagere Højerdige (vist med stiplet linje). Diget er dimensioneret til at modstå stormflodspåvirkninger, der i gennemsnit kun overskrides én gang i løbet af 200 år. Dette svarer til en stormflodsvandstand på (+)5,35 m over DNN. Digets kronehøjde er fastsat til (+)7,45 m over DNN, hvilket svarer til, at 2% af bølgerne vil overskylle diget, men ikke beskadige det"
"Plankekiste","Ligkiste fra oldtiden konstrueret af planker"
"Jernbaneanlæg","Der findes ingen beskrivelse af dette fund endnu. Hjælp os med tilføje en beskrivelse i bunden af menuen til højre."
"Forrådshus","Hus til opbevaring af forråd"
"Flinthuggeplads","Der findes ingen beskrivelse af dette fund endnu. Hjælp os med tilføje en beskrivelse i bunden af menuen til højre."
"Bageovn","Ovn til bagning af brød, stegning m.m."
"Dødehus","Der findes ingen beskrivelse af dette fund endnu. Hjælp os med tilføje en beskrivelse i bunden af menuen til højre."
"Skel (uspecificeret)","Skarp grænse, adskillelse eller forskel, fx mellem mennesker eller tidsafsnit"
"Begivenhed","Noget der sker eller finder sted, især noget vigtigt eller bemærkelsesværdigt"
"Fiskegård","Der findes ingen beskrivelse af dette fund endnu. Hjælp os med tilføje en beskrivelse i bunden af menuen til højre."
"Vogndel","Der findes ingen beskrivelse af dette fund endnu. Hjælp os med tilføje en beskrivelse i bunden af menuen til højre."
"Hørtørringsanlæg","Der findes ingen beskrivelse af dette fund endnu. Hjælp os med tilføje en beskrivelse i bunden af menuen til højre."
"Sejlspærring","Der findes ingen beskrivelse af dette fund endnu. Hjælp os med tilføje en beskrivelse i bunden af menuen til højre."
"Hulbælte","Et hulbælte er en type forsvarsværk, eller måske grænsemarkering, bestående af flere rækker huller af op til 30 centimeters dybde i et bælte på nogle meters bredde. Mellem hullerne har man fundet spidse træpinde. Hulbælter kendes fra flere jernalderudgravninger.
 Tidligere har man antaget at hullerne var rester af en palisade, men hullernes ringe dybde og det forhold at der ikke er fundet spor af stolper i hullerne, taler imod denne tolkning.
"
"Tingsted","Tingsted er det sted, hvor en domstol holder ret. Er der flere tingsteder i en retskreds, er et af dem hovedtingstedet. Østre Landsret og Vestre Landsret har fx tingsteder uden for hovedtingstederne i hhv. København og Viborg. Højesteret har kun tingsted i København"
"Sekundær subsistens/produktion, uspec undergruppe","Sekundær, i anden række; underordnet; modsat primær. 
      "
"Skel (ejendom)","Skarp grænse, adskillelse eller forskel, fx mellem mennesker eller tidsafsnit"
"Kammergrav","Kammergrav, gravtype, hvis rum kan være opbygget af sten eller træ. I kammeret skulle der være plads til afdøde og eventuelle gravgaver. Kammergrave er blevet anvendt fra oldtiden, således kendes de tilbage til Oldegypten. I Grækenland brugtes de i mykensk tid (ca. 1550-1100 f.Kr.), i arkaisk tid på visse af de græske øer og igen i Makedonien fra 300-t. f.Kr. I Etrurien kendes de fra ca. 700 f.Kr. og ned i hellenistisk tid; i Syditalien brugtes kammergrave fra arkaisk tid, bl.a. i Pæstum med de lukanske grave, mens de i Romerriget blev brugt i republikansk tid og kejsertid.  Uden for Middelhavsområdet kendes kammergrave med rigt udstyrede begravelser fra den tidlige bronzealder både ved Kaukasus (se Majkop) og i Mellemeuropa inden for Aunjetitz-kulturen"
"Transport, uspec undergruppe","Det at bringe gods eller passagerer fra ét sted til et andet med køretøj, fly, skib el.lign."
"Vandfyldt grav","Fuld af vand"
"Jættestue","Firkantet eller ovalt, overdækket gravkammer fra yngre stenalder, bygget af store stenblokke og med adgang ad en lang, smal, overdækket gang"
"Trækul","Trækul, den rest, som bliver tilbage, når træ underkastes en tørdestillation, dvs. en ophedning i et lukket rum uden luftens adgang. Trækul indeholder 80-90 % kulstof og nogle få % aske. Indtil begyndelsen af 1800-t. blev trækul fremstillet i såkaldte miler (se også kulsvier), en metode, som var kendt allerede i oldtiden. Trækul blev i mange hundrede år brugt til udsmeltning af jern, og det var en vigtig bestanddel af sortkrudt. I løbet af 1800-t. blev der udviklet ovnanlæg, hvori træet blev kørt på vogne igennem opvarmede kanaler"
"Handel","Handel, økonomiske aktiviteter, som er forbundet med omsætning af varer, tjenesteydelser og kapital. Handel opstår i et samfund, så snart der findes en arbejdsdeling, som betyder, at producent og forbruger ikke befinder sig i samme husstand. Gennem denne handel sker en udligning mellem overskuds- og underskudsområder, hvorved der opnås en bedre udnyttelse af de eksisterende resurser. Handelen kan antage mange forskellige former, fra simpelt varebytte til elektronisk handel med værdipapirer og valuta over store afstande. Inden for varehandelen skelnes der mellem detailhandel, hvor køberen er den endelige forbruger, og engroshandel, hvor sælgeren er en producent eller mellemhandler og køberen en anden mellemhandler"
"Færgested","Sted hvorfra og hvortil der sejler færger; (mindre) færgehavn"
"Plankevej","En stammevej  er en vejtype hvor træstammer lægges vinkelret på kørselsretningen og dækkes af sand.
 Metoden anvendes på lavtliggende eller sumpede steder. Resultatet er en klar forbedring i forhold til en mudret eller bundløs jordvej, men selv under de bedste omstændigheder er der tale om en bumletur og vejen er særdeles farlig for heste, da der kan være stammer, som flytter sig. 
 Hvor man i en stammevej benytter hele stammer eller kløvede stammer med den rundede side opad, har man i en plankevej den jævnere inderside opad. En plankevej er således behageligere at færdes på, men anlægsarbejdet er mere omfattende.
 Denne type veje har været brugt i årtusinder, og romerne brugte det ofte. 
 Stammeveje kan bygges som fundament for en anden vejbelægning. Hvis træstammerne ligger i et våde syreholdigt og iltfattigt miljø (f.eks. en mose) forrådner de meget langsomt og kan holde i mange år. 
 Stammeveje (""corduroy roads"") blev brugt i stort omfang under den amerikanske borgerkrig – f.eks. i sumpområderne ved Mississippifloden under Vicksburg-kampagnen og under Shermans Carolina-kampagne gennem South og North Carolina i krigens slutning. 
 Under 2. verdenskrig blev stammeveje brugt hyppigt af den tyske hær, da den invaderede Sovjetunionen, hvor mange veje blev til det rene morads under Rasputitsaen.
 I 2017 fandt man Skandinaviens hidtil ældst kendte vej, opbygget af planker  ved Kastbjerg Å syd for Mariager Fjord. Kulstof 14-analyser  daterer den  tilbage til bondestenalderen 2900 f.Kr.[1]"
"Kalk","Kalk er en fællesbetegnelse for al uorganisk og organisk udfældet calciumcarbonat med formlen CaCO3. Kalk omfatter både kildekalk og kedelsten, der begge er af uorganisk oprindelse, men anvendes ofte som synonym for de almindelige danske kalkbjergarter, fx kridt, bryozokalk og koralkalk, der alle er af organisk oprindelse. Kalk består hovedsagelig af mineralerne calcit eller aragonit og er et af de væsentligste råstoffer i den danske undergrund med en årlig produktion på ca. 3 millioner ton. Ca. 1/3 anvendes i landbruger, 1/3 til cement og ca. 1/3 til andre formål (fx mørtel eller fyld i papir). Kalksten er økonomisk betydningsfuld som råstof (kalk og bygningssten) og som reservoirbjergart for grundvand, olie og gas"
"Mølledam","Lille sø oven for en vandmølle, ofte kunstigt anlagt for at sikre en jævn vandstrøm til møllen"
"Platform for hus eller gård","Platform, (via ty. Plattform, eng. platform af fr. plateforme, af plate, femininum af plat flad + forme form), fladt tag; kunstigt ophøjet plads; forhøjning; afsats; det sted hvorfra ens meninger har en mulighed for at blive hørt, og hvorfra man kan øve indflydelse. 
      "
"Fiskeplads","Område i havet eller ved en sø eller å hvor der er særlig gode muligheder for at fange fisk"
"Ligbrændingsplads","Der findes ingen beskrivelse af dette fund endnu. Hjælp os med tilføje en beskrivelse i bunden af menuen til højre."
"Lade","Stor landbrugsbygning beregnet til opbevaring af afgrøder, foder, redskaber osv."
"Led","Bevægelig forbindelse mellem et skelets knogler, fx i albue eller knæ"
"Hospital","Hospital, (af lat. hospitalis 'gæstfri', af hospes 'fremmed, gæst, vært'), oprindelig et hjemsted for syge, hjemløse, svagelige og fattige mennesker. Først med indførelsen af den kristne klostermedicin omkring 800-t. skete der en adskillelse mellem herbergsfunktionen (hospitales pauperum) og plejefunktionen (infirmarium). Siden 1700-t. har hospital været synonymt med sygehus. 
      "
"Transportgods","Der findes ingen beskrivelse af dette fund endnu. Hjælp os med tilføje en beskrivelse i bunden af menuen til højre."
"Luftværnsanlæg","Der findes ingen beskrivelse af dette fund endnu. Hjælp os med tilføje en beskrivelse i bunden af menuen til højre."
"Social og samfund, uspec undergruppe","Social, (lat. socialis, af socius fælle, kammerat), som vedrører samfundet og samfundsforhold; som tager hensyn til andre; som vedrører forsorg i samfundet. 
      "
"Latrin og toilet","En latrin er et primitivt toilet eller nødtørftssted; især om en midlertidig indretning, oftest i fri natur. 
      "
"Afløbsrende","Der findes ingen beskrivelse af dette fund endnu. Hjælp os med tilføje en beskrivelse i bunden af menuen til højre."
"Kildeanlæg","Der findes ingen beskrivelse af dette fund endnu. Hjælp os med tilføje en beskrivelse i bunden af menuen til højre."
"Kogestensrøse","Der findes ingen beskrivelse af dette fund endnu. Hjælp os med tilføje en beskrivelse i bunden af menuen til højre."
"Glas","I grave fra især den ældre bronzealder er der fundet små runde glasperler, hovedsagelig blå eller grønlige og ikke i noget stort antal. Man ved ikke, hvor disse perler er fremstillet, men sandsynligvis er det enten i Sydøsteuropa eller i den østlige del af Middelhavsområdet. "
"Kirkeinventar","Der findes ingen beskrivelse af dette fund endnu. Hjælp os med tilføje en beskrivelse i bunden af menuen til højre."
"Ben/Horn","Ben. Benets anatomi. Ben, den del af underekstremiteten, der forbinder bækkenet med foden. Benet er sammensat af to segmenter: låret (femur) og underbenet (crus), i ledforbindelse gennem knæet.  Benet og fodens anatomiske udformning hænger nøje sammen med udviklingen af menneskets oprette gang, der på grundlag af antropologiske studier kan føres 4-5 mio. år tilbage.  Benet tjener dels som understøttelse for kroppen, der i opret stilling balancerer i ustabil ligevægt over hofteleddet, dels som et instrument for transport af legemet (lokomotion) under gang, løb, spring og svømning, og endelig som et redskab, der kan afsætte store impulsmomenter ved spark, og som kan udvikle stor kraft under løft. Benet og foden giver mennesket mulighed for at færdes i næsten ethvert terræn og i vandet, og mennesket har ved hjælp af enkle hjælpemidler som ski, skøjter, svømmefødder o.l. lært sig at øge benets lokomotoriske effektivitet"
"Skovbrug","Systematisk dyrkning og pleje af skoven med henblik på produktion af tømmer og brænde"
"Indskrift","Et eller flere ord der er fx hugget eller skåret ind i sten, træ el.lign. fx på en gravsten eller over døren på en bygning"
"Indsamling-/jagtplads","Det at samle noget ind systematisk fx affald (til genbrug) eller oplysninger"
"Trædesten","(flad) sten til at træde på, fx i en græsplæne eller i et vandløb"
"Kultanlæg med systemgrøfter","Man ved ikke meget om bronzealderens religiøse ceremonier, men i flere tilfælde er der fundet gådefulde anlæg, der tyder på en form for dødekult. Under nogle få gravhøje har man således observeret mærkelige rammer bygget af mindre sten. Sandsynligvis har de været anvendt ved ritualer i forbindelse med den første begravelse og forud for opførelsen af gravhøjen. Helleristningssten med håndtegn ser også ud til at have indgået i en slags kultanlæg i yngre bronzealder. Ved Kobbelgårdene i Nordsjælland er der fundet en sådan helleristningssten i nærheden af brandgrave fra yngre bronzealder"
"Dræn","(underjordiske) rør eller rørledninger der skal lede vand væk fra et fugtigt område fx langs med en bygnings fundament (= omfangsdræn)"
"Levnedsmidler","Noget der tjener som føde for mennesker, især mere eller mindre bearbejdet råvare eller med et indhold af sådanne råvarer"
"Sømærke","Sømærke, forankret eller faststående identificerbart mærke til vejledning for skibsfarten, se farvandsafmærkning. 
      "
"Primær fødeerhverv, uspec undergruppe","Primær, grundlæggende; som kommer i første række. Modsat sekundær. 
      "
"Tørv","Tørv. Tørven stakkes på marken for at tørre. Fotografi fra 1930'erne et sted i Danmark. Tørv. En såkaldt klyneskærer i færd med at skære blokke af sphagnum, klyner, og stille dem i lange rækker på Lille Vildmose, hvor de står til den følgende sommer"
"Klokkestabel/-tårn","Klokkestabel er en fritstående, tårnlignende, ofte åben og tagdækket tømmerkonstruktion, som bærer en eller flere kirkeklokker. Den anvendes ved tårnløse kirker. Hvis klokkerne er ophængt i et lukket hus, kaldes det for et klokkehus.[1] Der findes flere klokkestabler nord og syd for grænsen i Sønderjylland. Den ældste danske klokkestabel findes i Birket i Vestlolland.[2] Den største klokkestabel findes i Broager i Sønderjylland[kilde mangler].
 Der er få bevarede klokkestabler, som stammer fra middelalderen. Stablerne fra denne tid havde ofte en monumental udformning.
 Klokkehus ved Birket Kirke, der er Danmarks ældste.
 Klokkestablen ved Rolsø Ødekirke på Mols.
 Klokkehus ved Broager Kirke, Sønderjylland.
 Rekonstrueret klokkestabel på Middelaldercentret"
"Læder/skind","Læder. Den moderne proces til forarbejdning af rå huder til læder. De enkelte delprocesser kan varieres og gentages, alt efter hvilken type af læder man ønsker. Jo mere omfattende behandlingen er, jo smidigere og dermed kvalitetsmæssigt bedre bliver læderet. Den rå huds ydre hårlag fjernes bl.a. ved kalkning, og fedt på indersiden afskrabes"
"Forsamlingsplads","Der findes ingen beskrivelse af dette fund endnu. Hjælp os med tilføje en beskrivelse i bunden af menuen til højre."
"Brændsel","Brændsel, et stof, som kan forbrændes for at skaffe varme eller andre energiformer, fx mekanisk energi via forbrænding i en motor. Brændsel kan opdeles i tre hovedgrupper: fast (fx kul, tørv), flydende (olie, benzin) eller luftformig (gas). De vigtigste naturligt forekommende brændsler er fossile, dvs. dannede i tidligere geologiske perioder af biologiske materialer, som med tiden er blevet stærkt omdannede. Dette gælder stenkul, brunkul, tørv, jordolie og naturgas. Lokalt har også nydannede biologiske materialer betydning, idet fx biobrændsel udgøres af biomasse, dvs. materiale dannet af levende organismer, fx træ, halm og vegetabilske olier"
"Kultanlæg med palisader","Man ved ikke meget om bronzealderens religiøse ceremonier, men i flere tilfælde er der fundet gådefulde anlæg, der tyder på en form for dødekult. Under nogle få gravhøje har man således observeret mærkelige rammer bygget af mindre sten. Sandsynligvis har de været anvendt ved ritualer i forbindelse med den første begravelse og forud for opførelsen af gravhøjen. Helleristningssten med håndtegn ser også ud til at have indgået i en slags kultanlæg i yngre bronzealder. Ved Kobbelgårdene i Nordsjælland er der fundet en sådan helleristningssten i nærheden af brandgrave fra yngre bronzealder"
"Fiskebod","Der findes ingen beskrivelse af dette fund endnu. Hjælp os med tilføje en beskrivelse i bunden af menuen til højre."
"Overvågningsanlæg","Der findes ingen beskrivelse af dette fund endnu. Hjælp os med tilføje en beskrivelse i bunden af menuen til højre."
"Have","Afgrænset område med græsplæne, træer, blomster m.m. ofte i tilknytning til et beboelseshus"
"Grus","Grus, inden for geologi og geoteknik betegnelse for et sediment bestående af hårde bjergartspartikler i fraktionen 2-64 mm. I Danmark er langt det meste grus aflejret af istidens smeltevandsfloder og består af fragmenter af krystallinske bjergarter fra Skandinavien eller af flint fra den danske undergrund. Alt efter oprindelsen skelnes mellem klippemateriale, sømateriale eller bakkemateriale. Grus bliver i modsætning til ler ikke plastisk, når det bliver vådt, hvilket er væsentligt for den praktiske anvendelse. Inden for betonteknikken benyttes betegnelsen grus for en blanding af sand og sten evt. iblandet filler (materiale med diameter mindre end 0,25 mm)"
"Flyvestation","Fast tilholdssted for militærfly, med start- og landingsbaner, hangarer, depoter, værksteder m.m."
"Skel (offentlig administration)","Skarp grænse, adskillelse eller forskel, fx mellem mennesker eller tidsafsnit"
"Dyregrav","Der findes ingen beskrivelse af dette fund endnu. Hjælp os med tilføje en beskrivelse i bunden af menuen til højre."
"Møllekanal","Der findes ingen beskrivelse af dette fund endnu. Hjælp os med tilføje en beskrivelse i bunden af menuen til højre."
"Milepælhøj","Der findes ingen beskrivelse af dette fund endnu. Hjælp os med tilføje en beskrivelse i bunden af menuen til højre."
"Kommunikationsanlæg","Der findes ingen beskrivelse af dette fund endnu. Hjælp os med tilføje en beskrivelse i bunden af menuen til højre."
"Dige (kystsikring)","Dige. Til sikring af Tøndermarsken mod stormflodsoversvømmelse opførtes 1979-81 det såkaldte fremskudte dige på havsiden af det lavere og svagere Højerdige (vist med stiplet linje). Diget er dimensioneret til at modstå stormflodspåvirkninger, der i gennemsnit kun overskrides én gang i løbet af 200 år. Dette svarer til en stormflodsvandstand på (+)5,35 m over DNN. Digets kronehøjde er fastsat til (+)7,45 m over DNN, hvilket svarer til, at 2% af bølgerne vil overskylle diget, men ikke beskadige det"
"Jættestue med bikammer","Jættestue ved Østerskov på Bogø. Kong Asgers Høj. Jættestue, gravbygning af store sten, en megalitgrav, dækket af en jordhøj og med et rundt, ovalt eller firesidet kammer og en lang gang, der fra foden af højen leder ind til kammeret. Højen er kantet med tonstunge randsten, som ved gangens udmunding kan danne imponerende facader. Der findes også dobbeltjættestuer med to kamre med fælles endevæg (Klekkendehøj på Møn) og jættestuer med to separate kamre med hver sin gang"
"Risvej","Der findes ingen beskrivelse af dette fund endnu. Hjælp os med tilføje en beskrivelse i bunden af menuen til højre."
"Dambrug","Dambrug er anlæg til opdræt af fisk. I danske dambrug opdrættes ørreder til konsum men også til eksempelvis udsætning i vandløb eller i put and take-søer. Den mest almindelige er regnbueørreden, men også bækørred, kildeørred, guldørred samt en række forskellige krydsninger opdrættes. Bæk- og havørreder samt laks af oprindelige stammer opdrættes desuden med henblik på udsætning i naturen. I 1894 oprettede H.P"
"Vandingsanlæg","Der findes ingen beskrivelse af dette fund endnu. Hjælp os med tilføje en beskrivelse i bunden af menuen til højre."
"Præstegård","Præstegård, præstens bolig i et sogn, evt. flere sammenlagte sogne. I Danmark fik præsterne i middelalderen tillagt egne boliger i sognene; den dertilhørende jord var grundlaget for deres livsunderhold. Indtil vedtagelsen af folkekirkens lønningslov i begyndelsen af 1900-t. (se folkekirken og jordlove) havde præsten ret og pligt til at drive gårdens jorder, i praksis tit i form af forpagtning. Bopælspligt (tjenestebolig) er endnu gældende. I 1900-t.s anden halvdel er mange præstegårde udbygget til sognegårde med kontorer og mødelokaler ud over præstens bolig. 
      "
"Krypt","Krypt, underjordisk gang eller kammer eller, oftere, den del af en bygning, der ligger under hovedetagen, men ikke nødvendigvis under jorden. Inden for kirkearkitekturen udgør krypten en videreudvikling af helgengraven under hovedalteret; den er oftest indrettet under koret og som gravplads for helgener og højtstående personer. Hertil kan være føjet en funktion som kapel. Krypten i romanske dom- og klosterkirker er et (gerne flerskibet) rum, oftest med alter, af samme udstrækning som det evt. hævede kor, således som i fx Lunds Domkirke. I barokken fik krypten fornyet betydning som en rent verdslig begravelseskælder, mens den i 1900-t.s kirkebyggeri ofte giver plads til menighedsfaciliteter (mødelokaler m.m.). 
      "
"Værksted","Arbejdssted hvor der udføres håndværk eller frembringes kunsthåndværk, eller hvor noget repareres, fx biler"
"Trævarer","Der findes ingen beskrivelse af dette fund endnu. Hjælp os med tilføje en beskrivelse i bunden af menuen til højre."
"Båd-/skibsværft","En af Søværnets gummibåde, der bl.a. benyttes til redningsaktioner. Båd, mindre fartøj, der bevæges frem med årer eller sejl, i nyere tid også ved motor. Betegnelsen båd er først sent i sproghistorien blevet fællesbetegnelse for småfartøjer; det overordnede begreb er skib. I nogle tilfælde omtales også store fartøjer som -båd, fx motortorpedobåd, Oslobåd. En båd er enten udhugget af en enkelt træstamme (stammebåd) eller bygget op af flere dele som oftest ud fra en rygrad af køl og stævne til forskel fra en pram, der har en flad bund uden køl"
"Kloak","Rør eller rørsystem der leder spildevand fra fx håndvaske og toiletter til et rensningsanlæg eller ud i naturen"
"Embedsbolig","Hus eller lejlighed som en person har ret (eller pligt) til at bo i pga. sin stilling fx en præstegård eller en bolig beregnet til en statsminister, en ambassadør, en portner eller en stationsforstander"
"Kors","Kors. Kors. 1 andreaskors 2 ankerkors 3 antoniuskors 4 burgundisk kors 5 cirkelkors (indvielses kors) 6 filipskors 7 gaffelkors 8 georgskors 9 græsk kors 10 græsk-russisk kors 11 hammer-(krykke-)kors 12 hjulkors 13 ringkors (keltisk kors) 14 kløverbladskors 15 korset kors 16 latinsk kors 17 liljekors 18 lorrainekors 19 malteser-(johanni ter-)kors 20 mantovakors 21 palæstinakors 22 patriarkalkors (variant) 23 peterskors 24 solkors 25 svastika (hagekors) 26 jerusalemskors 27 kvadratkors. Kors. Keltisk kors, Irland. Kors"
"Fangstgrube","Der findes ingen beskrivelse af dette fund endnu. Hjælp os med tilføje en beskrivelse i bunden af menuen til højre."
"Rådhus","Rådhus. For indbyggerne i de enkelte kommuner udgør rådhuset det lokale kontaktsted til den offentlige forvaltning, fx skatte- og socialforvaltningen. Rådhuset danner desuden rammen om det lokalpolitiske magt- og repræsentationsforum, kommunalbestyrelsen, og dets formand, borgmesteren, som er øverste folkevalgte myndighed i kommunen. Kommunalbestyrelsen (her i Hvidovre) afholder normalt ordinært møde mindst en gang om måneden; møderne er som regel åbne for offentligheden. Rådhus, kommunal bygning med mødelokaler for bystyret (kommunalbestyrelsen) samt kontorer til forvaltningen.  De danske købstæder havde frem til 1970 i kraft af deres privilegier en betydelig selvstændig status, bl.a. lokalt selvstyre, der blev udøvet af de delvist folkevalgte autoriteter: rådene under forsæde af rådmænd og borgmestre.  Rådene afholdt de fleste steder møder i en særlig bygning, rådhuset, hvor købstadens øvrige embedsmænd også kunne have til huse, ligesom byens rets- og arrestlokaler ofte befandt sig i samme bygning; i så fald betegnedes den råd- og tinghus.  Før 1800 skilte rådhusene sig sjældent markant ud fra købstædernes øvrige gårde, men i løbet af 1900-t. opførtes mange steder i takt med udbygningen af det kommunale selvstyre store, rummelige rådhuse, der indtog en monumental og central plads i bybilledet.  Efter 1970, da købstæderne ved kommunalreformen mistede deres særstatus, bruges betegnelsen rådhus i de fleste af landets kommuner"
"Benhob","Der findes ingen beskrivelse af dette fund endnu. Hjælp os med tilføje en beskrivelse i bunden af menuen til højre."
"Mole","Bygningsværk af træ, sten, jern eller beton og af form som en dæmning der går ud i vandet og afgrænser og beskytter en havn mod strøm og bølger"
"Militærdepot","Der findes ingen beskrivelse af dette fund endnu. Hjælp os med tilføje en beskrivelse i bunden af menuen til højre."
"Øvelsesområde","Der findes ingen beskrivelse af dette fund endnu. Hjælp os med tilføje en beskrivelse i bunden af menuen til højre."
"Stenbrud","Sted hvor sten sprænges eller hugges ud af undergrunden"
"Sti","Smal, anlagt eller med tiden tildannet vej gennem et landskab eller gennem bymæssig bebyggelse, ofte for gående og uden belægning"
"Båd-/skibsgrav","En af Søværnets gummibåde, der bl.a. benyttes til redningsaktioner. Båd, mindre fartøj, der bevæges frem med årer eller sejl, i nyere tid også ved motor. Betegnelsen båd er først sent i sproghistorien blevet fællesbetegnelse for småfartøjer; det overordnede begreb er skib. I nogle tilfælde omtales også store fartøjer som -båd, fx motortorpedobåd, Oslobåd. En båd er enten udhugget af en enkelt træstamme (stammebåd) eller bygget op af flere dele som oftest ud fra en rygrad af køl og stævne til forskel fra en pram, der har en flad bund uden køl"
"Kystsikring","Kystsikring. Skråningsbeskyttelse anvendes især til sikring af skræntfoden mod erosion ved kraftige bølger og højvande. Beskyttelsen kan dog ikke hindre, at kystprofilet rykker tilbage. Høfder fanger en del af det sandmateriale, som af bølger og strøm føres langs kysten (luvsidetilsanding). Stranden bliver herved højere, hvorved bølger under stormhøjvande har sværere ved at erodere kysten"
"Dige (ejerlav)","Dige. Til sikring af Tøndermarsken mod stormflodsoversvømmelse opførtes 1979-81 det såkaldte fremskudte dige på havsiden af det lavere og svagere Højerdige (vist med stiplet linje). Diget er dimensioneret til at modstå stormflodspåvirkninger, der i gennemsnit kun overskrides én gang i løbet af 200 år. Dette svarer til en stormflodsvandstand på (+)5,35 m over DNN. Digets kronehøjde er fastsat til (+)7,45 m over DNN, hvilket svarer til, at 2% af bølgerne vil overskylle diget, men ikke beskadige det"
"Vandbeholder/Vandtårn","Beholder til opbevaring eller transport af vand"
"Markhegn","Der findes ingen beskrivelse af dette fund endnu. Hjælp os med tilføje en beskrivelse i bunden af menuen til højre."
"Sagntræ","Der findes ingen beskrivelse af dette fund endnu. Hjælp os med tilføje en beskrivelse i bunden af menuen til højre."
"Sten- og grenkast","Sten, hårde stykker af bjergarter, der er større end grus og mindre end blokke; inden for geologi og geoteknik ofte afgrænset som fraktionen mellem 64 mm og 256 mm i tværsnit (se også sedimenter). Sten aflejres hovedsagelig af gletschere samt af kraftigt strømmende vand i floder (fx smeltevandsfloder) og i kystnære havområder, men kan også transporteres ud i dybhavet af turbiditstrømme eller isbjerge (dropsten). De træffes hyppigt i de gletscheraflejrede moræner (till), hvorfor smeltevandsaflejringer som regel er meget rige på sten. Desuden er sten en væsentlig bestanddel af et konglomerat. Vedr. sten som genstand for forarbejdning, se smykkesten, granit og marmor"
"Fiskedam","(kunstig) dam der bruges ved opdræt af fisk"
"Rituelle pløjespor","Som følger eller er i overensstemmelse med et religiøst eller socialt ritual"
"Kirkelade","Kirkelade, bygning til opbevaring og tærskning af tiendekorn, i middelalderen opført nær den kirke, som kornet blev leveret til. Mange kirkelader er senere nedrevet, men fx Tranebjerg Kirke på Samsø har bevaret en meget stor sengotisk ladebygning. 
      "
"Grøft (kirkegård)","Udgravet, ofte dyb rende langs en vej eller en mark til bortledning af vand"
"Søfort","Der findes ingen beskrivelse af dette fund endnu. Hjælp os med tilføje en beskrivelse i bunden af menuen til højre."
"Gårdsplads","Plads som hører til en bondegård, og som er helt eller delvist omgivet af dennes bygninger"
"Kisteløs begravelse (jordfæste)","Der findes ingen beskrivelse af dette fund endnu. Hjælp os med tilføje en beskrivelse i bunden af menuen til højre."
"Bådhus","Bygning indrettet til opbevaring af både"
"Kro","En kro er et værtshus eller en lille restaurant på landet, hvor der serveres traditionelle egnsretter. Nogle kroer har også hotelvirksomhed og tilbyder kroferier for private eller kroophold til konferencer. Nord for Ejderen i Sønderjylland kaldes kro også for krog. Kroen ligger ofte midt i landsbyen eller ud til vandet oftest i forbindelse med en landevej eller en færge. Mange kroer har stadig betegnelsen ""Færgekro"", skønt færgedriften i de fleste tilfælde er indstillet"
"Industrianlæg","Der findes ingen beskrivelse af dette fund endnu. Hjælp os med tilføje en beskrivelse i bunden af menuen til højre."
"Køretøj","Transportmiddel der bevæger sig på hjul på landjorden, evt. ved hjælp af motorkraft, og som anvendes til befordring af især personer eller gods fx en bil, en bus, en cykel eller en lastbil"
"Flintmine","Der findes ingen beskrivelse af dette fund endnu. Hjælp os med tilføje en beskrivelse i bunden af menuen til højre."
"Fartøj","Fartøj, tidligere synonymt med skib og båd; bruges nu mest om mindre skibe og om både uden at henvise til specielle karakteriserende træk. 
      "
"Dige (skov)","Dige. Til sikring af Tøndermarsken mod stormflodsoversvømmelse opførtes 1979-81 det såkaldte fremskudte dige på havsiden af det lavere og svagere Højerdige (vist med stiplet linje). Diget er dimensioneret til at modstå stormflodspåvirkninger, der i gennemsnit kun overskrides én gang i løbet af 200 år. Dette svarer til en stormflodsvandstand på (+)5,35 m over DNN. Digets kronehøjde er fastsat til (+)7,45 m over DNN, hvilket svarer til, at 2% af bølgerne vil overskylle diget, men ikke beskadige det"
"Husmandssted","Mindre landejendom oprindelig med tilhørende jord"
"Varslingsstation","Der findes ingen beskrivelse af dette fund endnu. Hjælp os med tilføje en beskrivelse i bunden af menuen til højre."
"Troldebakke","Der findes ingen beskrivelse af dette fund endnu. Hjælp os med tilføje en beskrivelse i bunden af menuen til højre."
"Skelsten (uspecificeret)","Der findes ingen beskrivelse af dette fund endnu. Hjælp os med tilføje en beskrivelse i bunden af menuen til højre."
"Drivvej","Der findes ingen beskrivelse af dette fund endnu. Hjælp os med tilføje en beskrivelse i bunden af menuen til højre."
"Stenhuggeri","Der findes ingen beskrivelse af dette fund endnu. Hjælp os med tilføje en beskrivelse i bunden af menuen til højre."
"Musling- og østersskaller","Bløddyr hvis krop er omsluttet af en todelt skal der er forbundet som et hængsel langs en del af ryggen; lever i vand, oftest i havet, nedgravet i bunden eller fastsiddende på genstande"
"Park","Park, et veldefineret, gerne hegnet og almindeligvis stort stykke land. Begrebet udviklede sig fra at være en ofte skovrig jagtpark i middelalderen til et område planlagt for visuelle oplevelser i 1700-t. Denne baseredes æstetisk på en naturalistisk fremtrædelsesform med bølgende landskaber og omhyggeligt placerede træer, ofte med en sø samt skulpturer og småbygninger. Får og hjorte sørgede for plejen af dette parklandskab. I nyere tid forbindes parkbegrebet med offentlige grønne områder i form af naturparker, landskabs-, by- eller forlystelsesparker samt nationalparker. 
      "
"Dige (amt/sogn)","Dige. Til sikring af Tøndermarsken mod stormflodsoversvømmelse opførtes 1979-81 det såkaldte fremskudte dige på havsiden af det lavere og svagere Højerdige (vist med stiplet linje). Diget er dimensioneret til at modstå stormflodspåvirkninger, der i gennemsnit kun overskrides én gang i løbet af 200 år. Dette svarer til en stormflodsvandstand på (+)5,35 m over DNN. Digets kronehøjde er fastsat til (+)7,45 m over DNN, hvilket svarer til, at 2% af bølgerne vil overskylle diget, men ikke beskadige det"
"Bedding","Bedding, i skibsbygning det fundament, skroget bygges på. Beddingen har en række kølklodser og nogle sideklodslag, som bærer skroget. Da skrogets vægt vokser, efterhånden som det bygges, skal beddingen være solidt funderet, evt. ved pilotering, for at undgå sætninger, som kan deformere skroget. Når skroget kan flyde, søsættes det ved en stabelafløbning og bugseres til en udrustningskaj for færdiggørelse. Bedding bruges også om et samlet anlæg, hvorpå man tager både på land"
"Gartneri","Gartneri, både en gartners virkefelt og det sted, hvor planter dyrkes og gartneriprodukter fremstilles. Gartneri opstod i tilknytning til slotte og herregårde, men blev efterhånden afløst af erhvervsgartnerier i og omkring byerne. Gartnerier var i begyndelsen af 1900-t. både produktions- og salgssteder, såkaldte handelsgartnerier. Gennem 1900-t. adskiltes produktion og handel, og i dag er gartnerier oftest produktionsgartnerier, der afsætter varer gennem bl.a. salgsforeninger og grossister. De tidligere alsidige gartnerier er afløst af specialgartnerier, fx frilandsgartnerier med dyrkning af grøntsager, planteskoler med haveplanter og væksthusgartnerier med bl.a. potteplanter"
"Flådebase/-havn","Anlæg der er støtte- og udgangspunkt for militære operationer med krigsskibe"
"Anlæg afventer klassifikation","Begrebet ""anlæg"" benyttes om kulturhistoriske levn i en meget bred forstand: 1) De fleste anlæg er ""jordfaste"", dvs. i princippet uflyttelige såsom grave og gravhøje, bopladser, markskel eller andre spor efter produktionsaktivitet. 2) Genstande, der er fundet uden for grave, bopladser e.l., udgør i sig selv et anlæg. Nogle af disse genstande er uden tvivl tilfældigt tabt, mens andre må formodes at være ofret til en form for guddom ved f.eks. at blive lagt i en mose, og atter andre stammer sikkert oprindelig fra grave eller bopladser, uden at dette har kunnet konstateres. 3) Den tredje type anlæg er de immaterielle, dvs. sagn og overleveringer, der er knyttet til et fysisk - som regel jordfast - anlæg. Det vil typisk være folkesagn, der fortæller om overnaturlige fænomener i forbindelse med en bestemt gravhøj, eller navne som f.eks. ""Galgehøj"", der vidner om, at gravhøjen har været anvendt til rettersted. "
"Kampplads","Sted hvor der kæmpes eller har været kæmpet fysisk eller militært"
"Vandværk","Vandværk, teknisk anlæg, hvori råvand behandles ved vandrensning til rent vand, dvs. vand, der tilfredsstiller kravene til kvaliteten af det vand, som ledes til forbrugeren"
"Jordfæste på træunderlag","Begrave (i kiste)"
"Gravkapel","Gravkapel er en afsondret del af en kirkebygning, som i ældre tid blev brugt til hensættelse af sarkofager, en begravelsesplads for især en fyrste- eller adelsslægt.[1] "
"Muret grav","Bygge murværk ved at lægge (mur)sten lagvis på hinanden med mørtel imellem"
"Fængsel","Bygning til forvaring af personer der er idømt frihedsstraf"
"Spang","Spang, spange, et bræt eller en planke, som er placeret over et mindre vandløb, og som derved muliggør passage for en vandrer. På et kort i stor målestok markeres en spang over et vandløb med to parallelle linjer, hvis fire ender alle bøjer udad"
"Stademærke","Der findes ingen beskrivelse af dette fund endnu. Hjælp os med tilføje en beskrivelse i bunden af menuen til højre."
"Bådplads i vandkant/Kås","Vandareal ved mole el.lign. hvor en båd kan ligge når den ikke sejler"
"Skole","Institution hvor der gives undervisning (for børn og unge) også om selve undervisningen"
"Fattiggård","Fattiggård, kommunal arbejdsanstalt, hvor fattige mod en arbejdsydelse kunne få mad og bolig. De oprettedes fra midten af 1800-t. og fik størst udbredelse i slutningen af århundredet. De sidste lukkedes med Socialreformen af 1933. 
      "
"Staldbygning","Bygning beregnet til husdyr som fx køer, heste eller grise"
"Kampanlæg","Der findes ingen beskrivelse af dette fund endnu. Hjælp os med tilføje en beskrivelse i bunden af menuen til højre."
"Kildeblok","Der findes ingen beskrivelse af dette fund endnu. Hjælp os med tilføje en beskrivelse i bunden af menuen til højre."
"Kaserne","Kaserne, militært bygningsanlæg, der er beregnet til at huse tropper, som ligger i garnison, gør beredskabstjeneste eller er under uddannelse. Ud over de nødvendige lokaler til mandskabets brug som belægningsstuer, køkkener, spisesale, vaskerum, samlingsstuer og undervisningslokaler rummer kasernen kontorer og ofte boliger for befalingsmænd samt vagt- og arrestlokaler. Hertil kommer værksteder til vedligeholdelse af våben og udstyr foruden garageanlæg og lagerplads til forsyninger og udrustning. Endvidere indgår øvelses- og sportspladser, gymnastiksale og eksercerhuse i anlægget. I Flåden brugtes tidligere udtjente skibe som kaserneskibe"
"Gadekær","Lille, anlagt dam, som regel placeret midt i en landsby brugt som branddam, og tidligere som vandingssted for husdyr og som vandforsyning for landsbyens beboere"
"Ballastbunke","Der findes ingen beskrivelse af dette fund endnu. Hjælp os med tilføje en beskrivelse i bunden af menuen til højre."
"Navnetræ","Der findes ingen beskrivelse af dette fund endnu. Hjælp os med tilføje en beskrivelse i bunden af menuen til højre."
"Kartoffelkule","Der findes ingen beskrivelse af dette fund endnu. Hjælp os med tilføje en beskrivelse i bunden af menuen til højre."
"Udflyttergård","Udflyttergård, gård, som ved udskiftningen blev flyttet fra landsbyen ud til brugerens nu samlede jorder. 
      "
"Fyr","Der findes ingen beskrivelse af dette fund endnu. Hjælp os med tilføje en beskrivelse i bunden af menuen til højre."
"Modstandskampen","(væbnet) kamp som føres mod en besættelsesmagt eller et diktatur"
"Pesttjørn","Der findes ingen beskrivelse af dette fund endnu. Hjælp os med tilføje en beskrivelse i bunden af menuen til højre."
"Dansehøj","Der findes ingen beskrivelse af dette fund endnu. Hjælp os med tilføje en beskrivelse i bunden af menuen til højre."
"Stejleplads","En stejleplads betegner det område, hvor fiskere hænger sine fiskegarn på stejler (pæle) for at tørres og renses, og hvor fisk bliver ophængt til tørring. 
"
"Bom","En bom er en vandret, bevægelig stang af træ eller metal på sejlskibe, som holder sejlets underkant strakt. Bommens ene ende er fastgjort til masten. På moderne sejlskibe anvendes storbom (se stormast) og mesanbom (se mesanmast), mens ældre skibe tillige kan have fx klyverbom (se klyver). 
      "
"Toldsted","Der findes ingen beskrivelse af dette fund endnu. Hjælp os med tilføje en beskrivelse i bunden af menuen til højre."
"Pakhus","Pakhus, bygning til midlertidig opbevaring af gods. Pakhuse kendes fra antikken; fx havde man i mange romerske havne horrea, dvs. kornmagasiner. I Nord- og Vesteuropa blev de almindelige i forbindelse med oversøisk handel i 1600- og 1700-t.; fx findes i Københavns Havn stadig en række store pakhuse fra kompagnihandelens tid. Pakhuse, der oftest findes i havne og kan være i en eller flere etager, er indrettet mhp. lettest mulig håndtering af godset og rigtig opbevaring af det. Let håndtering mellem pakhus og skib, godsvogn eller lastbil sikres ved hensigtsmæssig placering af kraner og andet løfteudstyr, udvendige ramper, veldimensionerede portåbninger og korte transportveje, ligesom elevatorer og transportbånd har afløst tidligere tiders udvendige hejseværker"
"Pinsebod","Der findes ingen beskrivelse af dette fund endnu. Hjælp os med tilføje en beskrivelse i bunden af menuen til højre."
NA,"Der findes ingen beskrivelse af dette fund endnu. Hjælp os med tilføje en beskrivelse i bunden af menuen til højre."
"Replica","Replica, (eng. af it., af replicare, af lat.), se replik. 
      "
"Kag","Kag, strafferedskab, der anvendtes i bl.a. Tyskland og de nordiske lande fra 1200-t. til ca. 1800. Kagen var anbragt på byens torv og kunne være udformet på forskellige måder, fx som en lille bygning eller i form af et stillads med en platform foroven, men oftest bestod den af en pæl eller søjle i træ eller sten, anbragt på et muret fundament. Indtil omkring 1800 fandtes der formentlig en kag i alle danske byer; på Nytorv i København angiver en ottekantet forhøjning i sten det sted, hvor stadens kag stod indtil 1780. For visse forbrydelser foreskrev loven kagstrygning, som medførte tab af æren og fuldbyrdedes ved, at den dømte blev bundet til kagen og pisket på den blottede ryg; bl.a. tyve og løsagtige kvinder straffedes på denne måde"
"Lejrplads","Sted hvor man bor i telt, fx under ferieophold eller i forbindelse med overnatning på en rejse, ekspedition el.lign."
"Fortøjningspæl","Der findes ingen beskrivelse af dette fund endnu. Hjælp os med tilføje en beskrivelse i bunden af menuen til højre."
"Perlefremstilling","Der findes ingen beskrivelse af dette fund endnu. Hjælp os med tilføje en beskrivelse i bunden af menuen til højre."
"Skulptur","Skulptur, billedhuggerkunst, plastik, tredimensional billedkunst, der fremtræder som fx fritstående figurer eller relieffer. I alle kulturer har der været skabt skulpturer. De ældste fra forhistorisk tid har sikkert oprindelig tjent kultiske formål, har været skabt til dyrkelse af guddomme eller som amuletter til beherskelse og/eller tilbedelse af jagtens dyr. Skulpturer har siden fået flere andre betydninger og formål. Gude- og herskerstatuer er velkendte fra Mesopotamien, Egypten, Grækenland og Romerriget, men man fremstillede også både historiske og mytologiske personer, bl.a. til udsmykning af bygninger, ligesom gravskulpturer og mindesmærker for historiske begivenheder — en skulpturtype, som langt senere, i 1800-tallet, atter blev populær"
"Teater","Teater er oprindelig det antikke teaters tilskuerområde, med betydningen 'sted at se fra'; senere dels spilleplads, dvs. teaterbygning, dels selve kunstarten, dvs. det at spille sceniske værker. Ordet kan også omfatte skueplads eller observationslokalitet i bredere betydning, fx anatomisk teater. Som kunstart er teatret særegent ved i sig at forene mange udtryksformer: billedkunstneriske, litterære, kropslige mfl. Der kan prioriteres inden for de forskellige udtryksregistre: fx ordteater, danseteater, musikteater, mimeteater, masketeater, billedteater, dukketeater og skyggeteater. I Vesten står det antikke græske teater som udgangspunktet for udviklingen af kunstarten"
"Fontæne","Kunstnerisk udført større eller mindre bassin med rindende eller sprøjtende vand"
"Rørledning","Anordning af (nedgravede) rør beregnet til at lede fx flydende stoffer fra et sted til et andet typisk til transport af store mængder vand, spildevand, olie eller gas over en længere strækning"
"Mineralolie","Mineralolie, jordolie, råolie, se olie. Navnet betoner oliens ikke-animalske og ikke-vegetabilske oprindelse. 
      "
"Gangareal","De områder i en bygning der omfatter gange eller korridorer"
"Korntørreovn","Der findes ingen beskrivelse af dette fund endnu. Hjælp os med tilføje en beskrivelse i bunden af menuen til højre."
"Arbejderbolig","Der findes ingen beskrivelse af dette fund endnu. Hjælp os med tilføje en beskrivelse i bunden af menuen til højre."
"Administrationsbygning","Bygning hvor der foregår administration"
"Kirkestald","Der findes ingen beskrivelse af dette fund endnu. Hjælp os med tilføje en beskrivelse i bunden af menuen til højre."
"Sarkofag","Fritstående, monumental stenkiste, ofte med indskrifter, relieffer eller anden udsmykning til ære for den døde"
"Hestemølle","Der findes ingen beskrivelse af dette fund endnu. Hjælp os med tilføje en beskrivelse i bunden af menuen til højre."
"Varmeanlæg","Varmeanlæg, anlæg til opvarmning af bygninger, så der opnås et passende termisk indeklima. I bygninger, hvor der bor eller arbejder mennesker, skal der ifølge Bygningsreglementet kunne opretholdes en sundhedsmæssigt tilfredsstillende temperatur. Lige siden bålet blev flyttet ind i huset, har denne opgave været løst på mange forskellige måder i takt med den tekniske udvikling. I mange år var det åbne ildsted, pejsen, eller den lukkede ovn (fx kakkelovnen) den dominerende opvarmningsform, således at hvert rum, der skulle opvarmes, havde et ildsted. De mange ildsteder i en bygning medfører imidlertid et stort pasningsarbejde og en stor brandrisiko, så der har tidligt været arbejdet på at udvikle centralvarmeanlæg, hvor fyringen kunne ske et enkelt sted i bygningen"
"Sprøjtehus","Der findes ingen beskrivelse af dette fund endnu. Hjælp os med tilføje en beskrivelse i bunden af menuen til højre."
"Dige (herregård)","Dige. Til sikring af Tøndermarsken mod stormflodsoversvømmelse opførtes 1979-81 det såkaldte fremskudte dige på havsiden af det lavere og svagere Højerdige (vist med stiplet linje). Diget er dimensioneret til at modstå stormflodspåvirkninger, der i gennemsnit kun overskrides én gang i løbet af 200 år. Dette svarer til en stormflodsvandstand på (+)5,35 m over DNN. Digets kronehøjde er fastsat til (+)7,45 m over DNN, hvilket svarer til, at 2% af bølgerne vil overskylle diget, men ikke beskadige det"
"Majtræ","Der findes ingen beskrivelse af dette fund endnu. Hjælp os med tilføje en beskrivelse i bunden af menuen til højre."
"Tovværk","Tovværk. Opbygning af garn og kordeler. Tovværk er en overordnet benævnelse for kabeltov, tov, reb, line, snor og garn, der almindeligvis fremstilles af træbast, hestehår, papir eller plantefibre som hamp, hør, brændenælde, sisal, manila, kokos og bomuld samt af syntetiske fibre (kunststoffer). Bastlag fra lindetræet var næsten enerådende som råmateriale i oldtidens tovværk (jf. udtrykket ""bastet og bundet""). Det ældste tovværksfund i Danmark er en surring om to pinde med 1,5 mm, 2-slået snor fundet uden for Ebeltoft og dateret til 5200 fv.t"
"Red","Red, vandområde, hvor vanddybder og naturlig beskyttelse mod store bølger gør det muligt for skibe at ligge for anker, fx for at vente på at komme til kaj, eller fordi havnemundingen ikke kan passeres pga. storm eller lavvande. 
      "
"Jagthytte","Hytte der er beliggende nær et godt jagtområde og benyttes som udgangspunkt for jagt for en jæger"
"Brunkulsleje","Sted hvor man udvinder brunkul"
"Vandpumpe","Pumpe til transport eller cirkulation af vand"
"Missionshus","Hus eller forsamlingssal der bruges til møder og gudstjenester af en kirkelig bevægelse, i Danmark især Indre Mission"
"Naturgas","Brændbar gas som findes i og udvindes af jorden og består af kulbrinter, især metan, samt små mængder af kvælstof, kuldioxid, brint, svovlbrinte og helium"
"Kommandoanlæg","Der findes ingen beskrivelse af dette fund endnu. Hjælp os med tilføje en beskrivelse i bunden af menuen til højre."
"Sejlløb","Smalt og langstrakt sejlbart sted i et farvand"
"Dige (udskiftning)","Dige. Til sikring af Tøndermarsken mod stormflodsoversvømmelse opførtes 1979-81 det såkaldte fremskudte dige på havsiden af det lavere og svagere Højerdige (vist med stiplet linje). Diget er dimensioneret til at modstå stormflodspåvirkninger, der i gennemsnit kun overskrides én gang i løbet af 200 år. Dette svarer til en stormflodsvandstand på (+)5,35 m over DNN. Digets kronehøjde er fastsat til (+)7,45 m over DNN, hvilket svarer til, at 2% af bølgerne vil overskylle diget, men ikke beskadige det"
"Korntørreanlæg","Der findes ingen beskrivelse af dette fund endnu. Hjælp os med tilføje en beskrivelse i bunden af menuen til højre."
"Badehus","Lille træbygning ved en strand eller badebro hvor man ugenert kan klæde om i forbindelse med badning"
"Papir","Papir. Mens fibrene i håndlavet papir (bøttepapir) normalt ligger med tilfældige orienteringer, vil de i maskinfremstillet papir altid lægge sig i langvirens løberetning pga. de tværgående rystelser, man påfører viren for at få drevet vandet ud af papirmassen. Fiberretningen er af stor betydning for papirets anvendelse. Papir, materiale bestående af et netværk af plantefibre. Papir bruges til at skrive og trykke på, til emballage og til mange andre formål.  Det fremstilles af træ eller andet plantemateriale, som først findeles til fibre"
"Domhus","Bygning hvor en domstol har sæde"
"Tankanlæg","Anlæg der rummer én eller flere lagertanke"
"El-anlæg","El. Rødel (Alnus glutinosa). Tv. gren med gamle, forveddede hunrakler og røde bladknopper, i spidsen hænger gule, blomstrende hanrakler, og øverst sidder små, røde hunblomster. Th. ses nederst hunblomster med røde støvfang, ovenover hanblomst med brunt rakleskæl, grønne blosterblade og gule støvknapper. I midten en gren med grønne hanrakler og runde hunrakler"
"Nødanlæg","Der findes ingen beskrivelse af dette fund endnu. Hjælp os med tilføje en beskrivelse i bunden af menuen til højre."
"Sportsanlæg","Større anlæg med baner, tilskuerpladser og evt. andre faciliteter der danner rammen om en eller flere sportsaktiviteter"
